p_val,rho
0.03333333333333333,1.2467444432552002
0.047619047619047616,1.381776372520839
0.03125,1.2361270171785526
0.015625,1.111764705882353
0.015625,1.1139104879691422
0.015873015873015872,1.1231884057971016
0.046875,1.4039329934450104
0.08064516129032258,1.7208678086172067
0.05,1.4264771212794318
0.0625,1.5490873211642815
0.015625,1.12
0.03389830508474576,1.2518240106124259
0.015873015873015872,1.129463201360214
0.047619047619047616,1.1764705882352942
0.015625,1.1204931350540144
0.015873015873015872,1.1213009139774515
0.031746031746031744,1.114882506527415
0.015873015873015872,1.091549295774648
0.03125,1.1974248927038627
0.015625,1.065466448445172
0.015625,1.05
0.015873015873015872,1.110590110460375
0.03125,1.0763888888888888
0.015873015873015872,1.1126002069921237
0.0625,1.5644232351489211
0.047619047619047616,1.3043478260869565
0.03278688524590164,1.2406414640909513
0.0625,1.2500000000000002
0.04918032786885246,1.4253144870868653
0.047619047619047616,1.3969441845961958
0.031746031746031744,1.0
0.03225806451612903,1.2196002020639387
0.03278688524590164,1.2491989267918744
0.016666666666666666,1.115309940694719
0.06451612903225806,1.5943447311679748
0.03225806451612903,1.2269938650306746
0.03125,1.169811320754717
0.015873015873015872,1.1332250203086922
0.01639344262295082,1.1151995471270875
0.031746031746031744,1.253266900876646
0.03125,1.2307692307692306
0.03278688524590164,1.264983785549308
0.03278688524590164,1.3111111111111113
0.015873015873015872,1.108644233498376
0.046875,1.3848426027512872
0.03125,1.2336750283376863
0.05,1.4038699903594551
0.06349206349206349,1.5550416281221102
0.03225806451612903,1.2506352271572319
0.03278688524590164,1.4390243902439026
0.016129032258064516,1.161904761904762
0.04838709677419355,1.3787853083382815
0.03278688524590164,1.265379331399786
0.04918032786885246,1.4188433659640083
0.047619047619047616,1.3993216932546166
0.03125,1.2470044505306401
0.016129032258064516,1.137040753318926
0.06451612903225806,1.5507437394087742
0.04838709677419355,1.400564409030544
0.03225806451612903,1.2608662786302818
0.046875,1.2797202797202798
0.031746031746031744,1.246211566081426
0.03225806451612903,1.262971212617044
0.05084745762711865,1.477405495043908
0.01694915254237288,1.099526066350711
0.016129032258064516,1.1267595716590877
0.031746031746031744,1.2463608454883301
0.01639344262295082,1.1193964125297242
0.016129032258064516,1.1287208366854387
0.031746031746031744,1.238748627881449
0.03225806451612903,1.2664907651715043
0.03125,1.2604432566399983
0.03225806451612903,1.26478697856444
0.031746031746031744,1.2565971349585325
0.09836065573770492,1.9654012493993276
0.015873015873015872,1.1376146788990826
0.03278688524590164,1.2629240710823908
0.016129032258064516,1.116387897882593
0.015873015873015872,1.0936957779063043
0.03278688524590164,1.18
0.015873015873015872,1.273972602739726
0.047619047619047616,1.4029320669006817
0.03278688524590164,1.257390347861955
0.046875,1.1889055472263867
0.04838709677419355,1.4749999999999996
0.03125,1.2420005377789727
0.03278688524590164,1.1847389558232932
0.03125,1.2372797886866789
0.03125,1.247930962443955
0.016129032258064516,1.0
0.03125,1.237734503809991
0.04838709677419355,1.4312864084067731
0.01639344262295082,1.1226670465878332
0.01639344262295082,1.0769230769230769
0.04838709677419355,1.3704792708027052
0.016129032258064516,1.1165601795890174
0.015625,1.1149715504978661
0.03225806451612903,1.2795662487292445
0.03125,1.2458398744113026
0.046875,1.4001003386429205
0.03125,1.2562814070351762
0.03278688524590164,1.2591770530988564
0.01639344262295082,1.115200715489663
0.031746031746031744,1.2588928063795621
0.03333333333333333,1.1153846153846152
0.01639344262295082,1.1383399209486167
0.016666666666666666,1.127780031167944
0.016129032258064516,1.1048353006210776
0.03333333333333333,1.2590904157169216
0.07936507936507936,1.7502997773082842
0.03333333333333333,1.2718136135221563
0.031746031746031744,1.273895582329317
0.06349206349206349,1.156862745098039
0.04838709677419355,1.4055363541909627
0.03225806451612903,1.3246753246753247
0.03225806451612903,1.1612903225806452
0.046875,1.3814769456480525
0.015873015873015872,1.1079759217456735
0.06779661016949153,1.6123319820780875
0.031746031746031744,1.2537455696319673
0.031746031746031744,1.2497631454287066
0.01639344262295082,1.198738170347003
0.03508771929824561,1.4473684210526312
0.03225806451612903,1.25
0.016129032258064516,1.1297723587508162
0.015625,1.0865892291446673
0.031746031746031744,1.0
0.03125,1.253766851704996
0.04838709677419355,1.4101072906655157
0.015873015873015872,1.123034859876965
0.031746031746031744,1.2653635804666519
0.047619047619047616,1.4285714285714284
0.03278688524590164,1.2680824459089652
0.031746031746031744,1.1867704280155642
0.031746031746031744,1.2277516087830196
0.031746031746031744,1.260763753112845
0.03278688524590164,1.4047619047619049
0.016129032258064516,1.0826647216143934
0.031746031746031744,1.232334316759013
0.015873015873015872,1.1060523147641457
0.03278688524590164,1.2379446971009904
0.03125,1.229487492586261
0.01639344262295082,1.0
0.031746031746031744,1.2491366311591028
0.03125,1.3098591549295775
0.03225806451612903,1.2376825773988398
0.047619047619047616,1.15702479338843
0.015625,1.2475247524752473
0.03389830508474576,1.0
0.03125,1.0
0.05,1.4615384615384615
0.03225806451612903,1.2691535453872975
0.03125,1.2326145701207745
0.0625,1.5342096706767625
0.03225806451612903,1.2454695222405274
0.06349206349206349,1.5582142583919134
0.015625,1.1089130502507865
0.01639344262295082,1.1249285305889078
0.03278688524590164,1.119241192411924
0.016129032258064516,1.525
0.016129032258064516,1.1285830268876258
0.01639344262295082,1.1075949367088607
0.01639344262295082,1.0619469026548671
0.05,1.062111801242236
0.016129032258064516,1.0987797791981406
0.015625,1.1317365269461077
0.03389830508474576,1.2623277796446648
0.04838709677419355,1.3696220323721253
0.016666666666666666,1.069486404833837
0.015625,1.0905459387483356
0.01694915254237288,1.0
0.03225806451612903,1.2547241909986495
0.03333333333333333,1.2430819316332065
0.03125,1.283466740270494
0.01639344262295082,1.1198547215496368
0.046875,1.3782588086585559
0.015625,1.095877277085331
0.07936507936507936,1.7419199518507382
0.047619047619047616,1.375894447313233
0.016129032258064516,1.0892857142857142
0.016129032258064516,1.0608695652173914
0.031746031746031744,1.300572022880915
0.016129032258064516,1.1226993865030674
0.03278688524590164,1.3111111111111113
0.03278688524590164,1.234169715080633
0.031746031746031744,1.254259156993998
0.015873015873015872,1.1161941789513472
0.03225806451612903,1.2504274628436143
0.016129032258064516,1.1064394945546998
0.031746031746031744,1.2574327759022947
0.03333333333333333,1.0
0.047619047619047616,1.4060777083506235
0.016129032258064516,1.2028169014084507
0.031746031746031744,1.2512741116751267
0.046875,1.3804544141020085
0.03125,1.2591389114541027
0.01639344262295082,1.1335599805730938
0.017543859649122806,1.1091081593927894
0.047619047619047616,1.402918069584736
0.109375,2.116336633663366
0.031746031746031744,1.130539887187752
0.046875,1.3704056036489816
0.0625,1.5494611548978598
0.016129032258064516,1.4523809523809526
0.03278688524590164,1.2479532288749704
0.016129032258064516,1.1399070558973687
0.031746031746031744,1.252207766434946
0.046875,1.1867704280155642
0.03389830508474576,1.2406267487409064
0.03225806451612903,1.0714285714285714
0.03125,1.238811691423095
0.031746031746031744,1.230547550432277
0.015873015873015872,1.1298873426110005
0.03225806451612903,1.2561576354679802
0.04918032786885246,1.4017382437911194
0.015625,1.1421319796954315
0.03278688524590164,1.2652928501469147
0.016129032258064516,1.0365009439899306
0.03125,1.245226878254401
0.031746031746031744,1.2860636235459995
0.03278688524590164,1.2540757461750691
0.015873015873015872,1.104319413452343
0.031746031746031744,1.254032513125435
0.08064516129032258,1.6846918489065603
0.03225806451612903,1.2559876287104437
0.031746031746031744,1.2339585389930894
0.0625,1.5642208245981835
0.031746031746031744,1.2360201380598947
0.06451612903225806,1.5938795027095947
0.047619047619047616,1.3844468784227824
0.016129032258064516,1.1068591055754087
0.04838709677419355,1.156862745098039
0.03225806451612903,1.2543153049482163
0.04918032786885246,1.404826811360687
0.06451612903225806,1.5688221828258666
0.015625,1.118493156807881
0.06451612903225806,1.6158433980862854
0.03225806451612903,1.2634910092495826
0.03125,1.1468988030467901
0.0625,1.5484813962986042
0.016129032258064516,1.1040723981900453
0.047619047619047616,1.3043478260869565
0.03278688524590164,1.2443975744793039
0.06349206349206349,1.5696983357751977
0.03125,1.2458628841607564
0.031746031746031744,1.2079207920792079
0.03225806451612903,1.1111111111111112
0.031746031746031744,1.1730769230769231
0.03225806451612903,1.2167832167832169
0.016129032258064516,1.10221065331598
0.016129032258064516,1.0
0.015625,1.092485549132948
0.015625,1.1067153284671531
0.046875,1.4064004004719852
0.015873015873015872,1.057836899942163
0.06349206349206349,1.2553191489361701
0.06349206349206349,1.4775001366941878
0.06349206349206349,1.5476503150090604
0.03125,1.2436614962389265
0.03278688524590164,1.2614787254534212
0.031746031746031744,1.2466064974871416
0.047619047619047616,1.4322499475781088
0.03389830508474576,1.2391304347826089
0.06451612903225806,1.541452337921127
0.03225806451612903,1.2674965346669207
0.06349206349206349,1.6032633386464603
0.015873015873015872,1.0845481049562684
0.03125,1.2526492149557815
0.03225806451612903,1.3636363636363635
0.03508771929824561,1.2540837290761513
0.07936507936507936,1.7327243941054689
0.031746031746031744,1.2531144295025163
0.03225806451612903,1.2751348700343306
0.03125,1.2554399243140966
0.03278688524590164,1.254191985633444
0.046875,1.3503249390739243
0.03333333333333333,1.493562231759657
